eartag,date,dpi,barn,innoc,barni,general,temp,feces,odnd,headmucos,resp,totscore,autosum,tempc,,,,
1,7/4/2020,0,4,1,4a,0,0,0,0,0,0,0,0,38.3,,,,
8,7/4/2020,0,4,1,4a,0,0,0,0,0,0,0,0,38.8,,,,
20,7/4/2020,0,4,1,4a,0,0,0,0,0,0,0,0,38.6,,,,
21,7/4/2020,0,4,1,4a,0,0,0,0,0,0,0,0,38.7,,,,
23,7/4/2020,0,4,0,4b,0,0,0,0,0,0,0,0,39,,,,
24,7/4/2020,0,4,0,4b,0,0,0,0,0,0,0,0,39.1,,,,
25,7/4/2020,0,4,0,4b,0,0,0,0,0,0,0,0,38.6,,,,
39,7/4/2020,0,4,0,4b,0,0,0,0,0,0,0,0,38.7,,,,
9,7/4/2020,0,5,0,5b,0,0,0,0,0,0,0,0,38.2,,,,
30,7/4/2020,0,5,0,5b,0,0,0,0,0,0,0,0,39,,,,
44,7/4/2020,0,5,0,5b,0,0,0,0,0,0,0,0,38.6,,,,
51,7/4/2020,0,5,0,5b,0,0,0,0,0,0,0,0,39.3,,,,
53,7/4/2020,0,5,0,5b,0,0,0,0,0,0,0,0,39.1,,,,
61,7/4/2020,0,5,0,5b,0,0,0,0,0,0,0,0,39.2,,,,
2,7/4/2020,0,6,1,6a,0,1,0,0,0,0,1,1,39.8,,,,
36,7/4/2020,0,6,1,6a,0,0,0,0,0,0,0,0,38.9,,,,
46,7/4/2020,0,6,1,6a,0,0,0,0,0,0,0,0,39.2,,,,
47,7/4/2020,0,6,1,6a,0,1,0,0,0,0,1,1,39.6,,,,
12,7/4/2020,0,6,0,6b,0,0,0,0,0,0,0,0,39.3,,,,
17,7/4/2020,0,6,0,6b,0,0,0,0,0,0,0,0,39.4,,,,
32,7/4/2020,0,6,0,6b,0,1,0,0,0,0,1,1,39.6,,,,
37,7/4/2020,0,6,0,6b,0,0,0,0,0,0,0,0,39.2,,,,
1,8/4/2020,1,4,1,4a,0,0,0,0,0,0,0,0,38.6,,,,
8,8/4/2020,1,4,1,4a,0,0,0,0,0,0,0,0,38.7,,,,
20,8/4/2020,1,4,1,4a,0,0,0,0,0,0,0,0,39,,,,
21,8/4/2020,1,4,1,4a,0,0,0,0,0,0,0,0,39.2,,,,
23,8/4/2020,1,4,0,4b,0,0,0,0,0,0,0,0,38.7,,,,
24,8/4/2020,1,4,0,4b,0,0,0,0,0,0,0,0,38.8,,,,
25,8/4/2020,1,4,0,4b,0,0,0,0,0,0,0,0,38.6,,,,
39,8/4/2020,1,4,0,4b,0,0,0,0,0,0,0,0,38.7,,,,
9,8/4/2020,1,5,0,5b,0,0,0,0,0,0,0,0,38.7,,,,
30,8/4/2020,1,5,0,5b,0,0,0,0,0,0,0,0,38.9,,,,
44,8/4/2020,1,5,0,5b,0,0,0,0,0,0,0,0,38.8,,,,
51,8/4/2020,1,5,0,5b,0,0,0,0,0,0,0,0,39.2,,,,
53,8/4/2020,1,5,0,5b,0,0,0,0,0,0,0,0,38.8,,,,
61,8/4/2020,1,5,0,5b,0,0,0,0,0,0,0,0,38.7,,,,
2,8/4/2020,1,6,1,6a,0,1,0,0,0,0,1,1,39.7,,,,
36,8/4/2020,1,6,1,6a,0,0,0,0,0,0,0,0,38.9,,,,
46,8/4/2020,1,6,1,6a,0,0,0,0,0,0,0,0,39.2,,,,
47,8/4/2020,1,6,1,6a,0,1,0,0,0,0,1,1,39.8,,,,
12,8/4/2020,1,6,0,6b,0,0,0,0,0,0,0,0,38.9,,,,
17,8/4/2020,1,6,0,6b,0,1,0,0,0,0,1,1,39.6,,,,
32,8/4/2020,1,6,0,6b,0,0,0,0,0,0,0,0,39,,,,
37,8/4/2020,1,6,0,6b,0,0,0,0,0,0,0,0,38.9,,,,
1,9/4/2020,2,4,1,4a,0,0,0,0,0,0,0,0,38.6,,,,
8,9/4/2020,2,4,1,4a,0,0,0,0,0,0,0,0,39.1,,,,
20,9/4/2020,2,4,1,4a,0,0,0,0,0,0,0,0,38.8,,,,
21,9/4/2020,2,4,1,4a,0,0,0,0,0,0,0,0,38.9,,,,
23,9/4/2020,2,4,0,4b,0,0,0,0,0,0,0,0,38.9,,,,
24,9/4/2020,2,4,0,4b,0,0,0,0,0,0,0,0,38.6,,,,
25,9/4/2020,2,4,0,4b,0,0,0,0,0,0,0,0,38.4,,,,
39,9/4/2020,2,4,0,4b,0,1,0,0,0,0,1,1,39.6,,,,
9,9/4/2020,2,5,0,5b,0,0,0,0,0,0,0,0,38,,,,
30,9/4/2020,2,5,0,5b,0,0,0,0,0,0,0,0,38.6,,,,
44,9/4/2020,2,5,0,5b,0,0,0,0,0,0,0,0,38.3,,,,
51,9/4/2020,2,5,0,5b,0,0,0,0,0,0,0,0,38.5,,,,
53,9/4/2020,2,5,0,5b,0,0,0,0,0,0,0,0,38.6,,,,
61,9/4/2020,2,5,0,5b,0,0,0,0,0,0,0,0,38.8,,,,
2,9/4/2020,2,6,1,6a,0,0,0,0,0,0,0,0,39.3,,,,
36,9/4/2020,2,6,1,6a,0,0,0,0,0,0,0,0,38.6,,,,
46,9/4/2020,2,6,1,6a,0,1,0,0,0,0,1,1,39.2,,,,
47,9/4/2020,2,6,1,6a,0,0,0,0,0,0,0,0,39.3,,,,
12,9/4/2020,2,6,0,6b,0,0,0,0,0,0,0,0,39.2,,,,
17,9/4/2020,2,6,0,6b,0,1,0,0,0,0,1,1,40,,,,
32,9/4/2020,2,6,0,6b,0,2,0,0,0,0,2,2,40.6,,,,
37,9/4/2020,2,6,0,6b,0,0,0,0,0,0,0,0,39,,,,
1,10/4/2020,3,4,1,4a,0,0,0,0,0,0,0,0,38.8,,,,
8,10/4/2020,3,4,1,4a,0,0,0,0,0,0,0,0,39.1,,,,
20,10/4/2020,3,4,1,4a,0,0,0,0,0,0,0,0,38.8,,,,
21,10/4/2020,3,4,1,4a,0,0,0,1,0,0,1,1,38.8,,,,
23,10/4/2020,3,4,0,4b,0,0,0,0,0,0,0,0,38.7,,,,
24,10/4/2020,3,4,0,4b,0,0,0,0,0,0,0,0,38.9,,,,
25,10/4/2020,3,4,0,4b,0,0,0,0,0,0,0,0,38.7,,,,
39,10/4/2020,3,4,0,4b,0,0,0,0,0,0,0,0,39.4,,,,
9,10/4/2020,3,5,0,5b,0,0,0,0,0,0,0,0,38.7,,,,
30,10/4/2020,3,5,0,5b,0,0,0,0,0,0,0,0,38.9,,,,
44,10/4/2020,3,5,0,5b,0,0,0,0,0,0,0,0,38.9,,,,
51,10/4/2020,3,5,0,5b,0,0,0,0,0,0,0,0,39.3,,,,
53,10/4/2020,3,5,0,5b,0,0,0,0,0,0,0,0,39,,,,
61,10/4/2020,3,5,0,5b,0,0,0,0,0,0,0,0,38.8,,,,
2,10/4/2020,3,6,1,6a,0,0,0,1,0,0,1,1,39.5,,,,
36,10/4/2020,3,6,1,6a,0,0,0,0,1,0,1,1,39.2,,,,
46,10/4/2020,3,6,1,6a,0,0,0,0,0,0,0,0,39.4,,,,
47,10/4/2020,3,6,1,6a,0,0,0,0,0,0,0,0,39.3,,,,
12,10/4/2020,3,6,0,6b,0,0,0,0,0,0,0,0,39.3,,,,
17,10/4/2020,3,6,0,6b,0,0,0,0,0,0,0,0,39.1,,,,
32,10/4/2020,3,6,0,6b,0,2,0,1,0,0,3,3,41,,,,
37,10/4/2020,3,6,0,6b,0,0,0,0,0,0,0,0,38.5,,,,
1,11/4/2020,4,4,1,4a,0,0,0,0,0,0,0,0,38.1,,,,
8,11/4/2020,4,4,1,4a,0,0,0,0,0,0,0,0,39.5,,,,
20,11/4/2020,4,4,1,4a,0,0,0,0,0,0,0,0,38.6,,,,
21,11/4/2020,4,4,1,4a,0,0,0,1,0,0,1,1,39.2,,,,
23,11/4/2020,4,4,0,4b,0,0,0,0,0,0,0,0,39.3,,,,
24,11/4/2020,4,4,0,4b,0,0,0,0,0,0,0,0,38.7,,,,
25,11/4/2020,4,4,0,4b,0,0,0,0,0,0,0,0,38.4,,,,
39,11/4/2020,4,4,0,4b,0,0,0,0,0,0,0,0,39,,,,
9,11/4/2020,4,5,0,5b,0,0,0,0,0,0,0,0,38.5,,,,
30,11/4/2020,4,5,0,5b,0,0,0,0,0,0,0,0,38.7,,,,
44,11/4/2020,4,5,0,5b,0,0,0,0,0,0,0,0,38.4,,,,
51,11/4/2020,4,5,0,5b,0,0,0,0,0,0,0,0,39.4,,,,
53,11/4/2020,4,5,0,5b,0,0,0,0,0,0,0,0,39.1,,,,
61,11/4/2020,4,5,0,5b,0,0,0,0,0,0,0,0,38.6,,,,
2,11/4/2020,4,6,1,6a,0,2,0,1,0,0,3,3,40.2,,,,
36,11/4/2020,4,6,1,6a,0,1,0,0,0,0,1,1,39.7,,,,
46,11/4/2020,4,6,1,6a,0,2,0,0,0,0,2,2,40.7,,,,
47,11/4/2020,4,6,1,6a,0,2,0,0,0,0,2,2,40.8,,,,
12,11/4/2020,4,6,0,6b,0,0,0,0,0,0,0,0,39.2,,,,
17,11/4/2020,4,6,0,6b,0,0,0,0,0,0,0,0,38.9,,,,
32,11/4/2020,4,6,0,6b,0,2,0,1,0,0,3,3,40.4,,,,
37,11/4/2020,4,6,0,6b,0,0,0,1,0,0,1,1,39.2,,,,
1,12/4/2020,5,4,1,4a,0,0,0,0,0,0,0,0,38.9,,,,
8,12/4/2020,5,4,1,4a,0,0,0,0,0,0,0,0,39.1,,,,
20,12/4/2020,5,4,1,4a,0,0,0,0,0,0,0,0,38.7,,,,
21,12/4/2020,5,4,1,4a,0,1,0,1,0,0,2,2,39.8,,,,
23,12/4/2020,5,4,0,4b,0,0,0,0,0,0,0,0,38.5,,,,
24,12/4/2020,5,4,0,4b,0,0,0,1,0,0,1,1,38,,,,
25,12/4/2020,5,4,0,4b,0,0,0,0,0,0,0,0,38.5,,,,
39,12/4/2020,5,4,0,4b,0,0,0,0,0,0,0,0,39.2,,,,
9,12/4/2020,5,5,0,5b,0,0,0,0,0,0,0,0,38.7,,,,
30,12/4/2020,5,5,0,5b,0,0,0,0,0,0,0,0,39,,,,
44,12/4/2020,5,5,0,5b,0,0,0,0,0,0,0,0,38.7,,,,
51,12/4/2020,5,5,0,5b,0,0,0,0,0,0,0,0,39.5,,,,
53,12/4/2020,5,5,0,5b,0,0,0,0,0,0,0,0,38.8,,,,
61,12/4/2020,5,5,0,5b,0,0,0,0,0,0,0,0,38.9,,,,
2,12/4/2020,5,6,1,6a,0,2,0,1,0,0,3,3,40.9,,,,
36,12/4/2020,5,6,1,6a,0,2,0,1,0,0,3,3,40.5,,,,
46,12/4/2020,5,6,1,6a,0,2,0,0,0,0,2,2,40.5,,,,
47,12/4/2020,5,6,1,6a,0,3,0,1,0,0,4,4,41.5,,,,
12,12/4/2020,5,6,0,6b,0,0,0,0,1,0,1,1,39.3,,,,
17,12/4/2020,5,6,0,6b,0,0,0,1,0,0,1,1,38.8,,,,
32,12/4/2020,5,6,0,6b,0,1,0,1,1,0,3,3,39.8,,,,
37,12/4/2020,5,6,0,6b,0,0,0,1,0,0,1,1,38.9,,,,
1,13/4/2020,6,4,1,4a,0,0,0,0,0,0,0,0,38.8,,,,
8,13/4/2020,6,4,1,4a,0,0,0,1,0,0,1,1,38.7,,,,
20,13/4/2020,6,4,1,4a,0,0,0,1,0,0,1,1,39.2,,,,
21,13/4/2020,6,4,1,4a,0,0,0,1,0,0,1,1,38.6,,,,
23,13/4/2020,6,4,0,4b,0,0,0,0,0,0,0,0,38.3,,,,
24,13/4/2020,6,4,0,4b,0,0,0,0,0,0,0,0,38,,,,
25,13/4/2020,6,4,0,4b,0,0,0,1,0,0,0,1,38.3,,,,
39,13/4/2020,6,4,0,4b,0,0,0,0,0,0,0,0,38.7,,,,
9,13/4/2020,6,5,0,5b,0,0,0,0,0,0,0,0,38,,,,
30,13/4/2020,6,5,0,5b,0,0,0,0,0,0,0,0,38.9,,,,
44,13/4/2020,6,5,0,5b,0,0,0,0,0,0,0,0,38.7,,,,
51,13/4/2020,6,5,0,5b,0,0,0,0,0,0,0,0,39.3,,,,
53,13/4/2020,6,5,0,5b,0,0,0,0,0,0,0,0,39,,,,
61,13/4/2020,6,5,0,5b,0,0,0,0,0,0,0,0,38.4,,,,
2,13/4/2020,6,6,1,6a,0,1,0,1,1,0,3,3,39.9,,,,
36,13/4/2020,6,6,1,6a,0,1,0,1,1,0,3,3,39.7,,,,
46,13/4/2020,6,6,1,6a,0,2,0,0,1,0,3,3,40.2,,,,
47,13/4/2020,6,6,1,6a,0,2,0,0,0,0,2,2,40.5,,,,
12,13/4/2020,6,6,0,6b,0,0,0,0,1,0,1,1,38.9,,,,
17,13/4/2020,6,6,0,6b,0,0,0,0,0,0,0,0,38.5,,,,
32,13/4/2020,6,6,0,6b,0,0,0,1,1,0,0,2,39.4,,,,
37,13/4/2020,6,6,0,6b,0,0,0,1,0,0,1,1,38.9,,,,
1,14/4/2020,7,4,1,4a,0,1,0,0,0,0,1,1,40,,,,
8,14/4/2020,7,4,1,4a,0,0,0,1,0,0,1,1,39.2,,,,
20,14/4/2020,7,4,1,4a,0,0,0,1,0,0,1,1,39.2,,,,
21,14/4/2020,7,4,1,4a,0,0,0,1,0,0,1,1,39.2,,,,
23,14/4/2020,7,4,0,4b,0,0,0,1,0,0,1,1,38.9,,,,
24,14/4/2020,7,4,0,4b,0,0,0,0,0,0,0,0,39,,,,
25,14/4/2020,7,4,0,4b,0,0,0,1,0,0,1,1,38.7,,,,
39,14/4/2020,7,4,0,4b,0,0,0,0,0,0,0,0,39.1,,,,
9,14/4/2020,7,5,0,5b,0,0,0,0,0,0,0,0,38.4,,,,
30,14/4/2020,7,5,0,5b,0,0,0,0,0,0,0,0,39.5,,,,
44,14/4/2020,7,5,0,5b,0,0,0,0,0,0,0,0,38.6,,,,
51,14/4/2020,7,5,0,5b,0,0,0,0,0,0,0,0,39.4,,,,
53,14/4/2020,7,5,0,5b,0,0,0,0,0,0,0,0,39.2,,,,
61,14/4/2020,7,5,0,5b,0,0,0,0,0,0,0,0,38.8,,,,
2,14/4/2020,7,6,1,6a,0,0,0,1,1,0,2,2,39.2,,,,
36,14/4/2020,7,6,1,6a,1,0,0,1,1,0,3,3,39.5,,,,
46,14/4/2020,7,6,1,6a,1,2,0,0,1,0,4,4,40.9,,,,
47,14/4/2020,7,6,1,6a,0,2,0,0,1,0,3,3,41,,,,
12,14/4/2020,7,6,0,6b,0,0,0,1,1,0,2,2,39.2,,,,
17,14/4/2020,7,6,0,6b,0,0,0,0,0,0,0,0,39.3,,,,
32,14/4/2020,7,6,0,6b,0,0,0,1,0,0,1,1,39.4,,,,
37,14/4/2020,7,6,0,6b,0,0,0,1,1,0,2,2,38.8,,,,
1,15/4/2020,8,4,1,4a,1,1,0,1,1,0,4,4,39.6,,,,
8,15/4/2020,8,4,1,4a,0,1,0,1,1,0,3,3,39.6,,,,
20,15/4/2020,8,4,1,4a,1,0,0,1,0,0,2,2,39,,,,
21,15/4/2020,8,4,1,4a,0,0,0,1,0,0,1,1,39.2,,,,
23,15/4/2020,8,4,0,4b,0,0,0,1,0,0,1,1,38.2,,,,
24,15/4/2020,8,4,0,4b,0,0,0,0,0,0,0,0,38.4,,,,
25,15/4/2020,8,4,0,4b,0,0,0,1,0,0,1,1,38.6,,,,
39,15/4/2020,8,4,0,4b,0,0,0,1,0,0,1,1,38.7,,,,
9,15/4/2020,8,5,0,5b,0,0,0,0,0,0,0,0,38.3,,,,
30,15/4/2020,8,5,0,5b,0,0,0,0,0,0,0,0,38.9,,,,
44,15/4/2020,8,5,0,5b,0,0,0,0,0,0,0,0,38.4,,,,
51,15/4/2020,8,5,0,5b,0,0,0,0,0,0,0,0,39.1,,,,
53,15/4/2020,8,5,0,5b,0,0,0,0,0,0,0,0,39,,,,
61,15/4/2020,8,5,0,5b,0,0,0,0,0,0,0,0,38.5,,,,
2,15/4/2020,8,6,1,6a,0,0,0,1,1,0,2,2,39.1,,,,
36,15/4/2020,8,6,1,6a,1,1,0,1,1,0,4,4,40,,,,
46,15/4/2020,8,6,1,6a,1,2,0,1,1,0,5,5,41,,,,
47,15/4/2020,8,6,1,6a,0,2,0,1,1,0,4,4,40.7,,,,
12,15/4/2020,8,6,0,6b,0,0,0,0,1,0,1,1,38.7,,,,
17,15/4/2020,8,6,0,6b,0,0,0,0,0,0,0,0,38.7,,,,
32,15/4/2020,8,6,0,6b,0,0,0,1,1,0,2,2,38.5,,,,
37,15/4/2020,8,6,0,6b,0,0,0,1,0,0,1,1,38.5,,,,
1,16/4/2020,9,4,1,4a,1,0,1,1,0,1,4,4,39.3,,,,
8,16/4/2020,9,4,1,4a,0,0,0,1,1,0,2,2,39.2,,,,
20,16/4/2020,9,4,1,4a,1,0,1,1,0,0,3,3,39.4,,,,
21,16/4/2020,9,4,1,4a,1,0,0,1,0,1,3,3,39.5,,,,
23,16/4/2020,9,4,0,4b,0,0,0,1,0,0,1,1,38.9,,,,
24,16/4/2020,9,4,0,4b,0,0,0,0,0,0,0,0,38.2,,,,
25,16/4/2020,9,4,0,4b,0,0,0,1,0,0,1,1,38.8,,,,
39,16/4/2020,9,4,0,4b,0,0,0,1,0,0,1,1,38.9,,,,
9,16/4/2020,9,5,0,5b,0,0,0,0,0,0,0,0,38.5,,,,
30,16/4/2020,9,5,0,5b,0,0,0,0,0,0,0,0,38.8,,,,
44,16/4/2020,9,5,0,5b,0,0,0,0,0,0,0,0,39,,,,
51,16/4/2020,9,5,0,5b,0,0,0,0,0,0,0,0,38.9,,,,
53,16/4/2020,9,5,0,5b,0,0,0,0,0,0,0,0,38.7,,,,
61,16/4/2020,9,5,0,5b,0,0,0,0,0,0,0,0,38.6,,,,
2,16/4/2020,9,6,1,6a,0,0,0,1,1,0,2,2,39.5,,,,
36,16/4/2020,9,6,1,6a,1,0,0,1,1,0,3,3,39.4,,,,
46,16/4/2020,9,6,1,6a,1,1,0,1,1,1,5,5,39.8,,,,", couphing"
47,16/4/2020,9,6,1,6a,0,2,0,1,1,0,4,4,40.6,,,,
12,16/4/2020,9,6,0,6b,0,0,0,0,0,0,0,0,39,,,,
17,16/4/2020,9,6,0,6b,0,0,0,0,0,0,0,0,38.1,,,,
32,16/4/2020,9,6,0,6b,0,0,0,1,1,0,2,2,39.1,,,,
37,16/4/2020,9,6,0,6b,0,0,0,1,1,0,2,2,38.9,,,,
1,17/04/20,10,4,1,4a,1,0,1,1,1,0,4,4,38.8,,,,
8,17/04/20,10,4,1,4a,0,0,0,1,1,0,2,2,38.6,,,,
20,17/04/20,10,4,1,4a,1,0,1,1,1,0,4,4,38.2,,,,
21,17/04/20,10,4,1,4a,1,0,0,1,1,0,3,3,38.3,,,,
23,17/04/20,10,4,0,4b,0,0,0,1,0,0,1,1,39.2,,,,
24,17/04/20,10,4,0,4b,0,0,0,0,1,0,1,1,38.9,,,,
25,17/04/20,10,4,0,4b,0,0,0,1,1,0,2,2,38.2, & congested conjuctiva,,,
39,17/04/20,10,4,0,4b,0,0,0,1,0,0,1,1,39.1,,,,
9,17/04/20,10,5,0,5b,0,0,0,0,0,0,0,0,38.7,,,,
30,17/04/20,10,5,0,5b,0,0,0,0,0,0,0,0,39.2,,,,
44,17/04/20,10,5,0,5b,0,0,0,0,0,0,0,0,39.1,,,,
51,17/04/20,10,5,0,5b,0,0,0,0,0,0,0,0,39.2,,,,
53,17/04/20,10,5,0,5b,0,0,0,0,0,0,0,0,39,,,,
61,17/04/20,10,5,0,5b,0,0,0,0,0,0,0,0,38.6,,,,
2,17/04/20,10,6,1,6a,0,0,0,1,1,0,2,2,38.9,,,,
36,17/04/20,10,6,1,6a,1,2,0,1,1,1,6,6,40.1,,,,", couphing"
46,17/04/20,10,6,1,6a,1,1,0,1,1,1,0,5,39.7,,,,", couphing"
47,17/04/20,10,6,1,6a,0,2,0,1,1,0,4,4,40.2,,,,
12,17/04/20,10,6,0,6b,0,0,0,1,1,0,2,2,39,,,,
17,17/04/20,10,6,0,6b,0,0,0,0,0,0,0,0,39.2,,,,
32,17/04/20,10,6,0,6b,0,0,0,1,1,0,2,2,38.8,,,,
37,17/04/20,10,6,0,6b,0,0,0,1,1,0,2,2,38.9,,,,
1,18/4/2020,11,4,1,4a,1,0,1,1,1,1,5,5,38,,,,", couphing"
8,18/4/2020,11,4,1,4a,1,0,0,1,0,1,3,3,38.1,,,,
20,18/4/2020,11,4,1,4a,1,0,1,1,0,1,4,4,38.7,,,,
21,18/4/2020,11,4,1,4a,1,0,1,1,0,1,4,4,38,,,,
23,18/4/2020,11,4,0,4b,0,0,0,1,0,0,1,1,39.4,,,,
24,18/4/2020,11,4,0,4b,0,0,0,0,0,0,0,0,38.9,,,,
25,18/4/2020,11,4,0,4b,0,0,0,1,1,0,2,2,38.9,", congested mucous membrain",,,
39,18/4/2020,11,4,0,4b,0,0,0,1,0,0,1,1,38.1,,,,
9,18/4/2020,11,5,0,5b,0,0,0,0,0,0,0,0,38.3,,,,
30,18/4/2020,11,5,0,5b,0,0,0,0,0,0,0,0,39.3,,,,
44,18/4/2020,11,5,0,5b,0,0,0,0,0,0,0,0,39.1,,,,
51,18/4/2020,11,5,0,5b,0,0,0,0,0,0,0,0,39,,,,
53,18/4/2020,11,5,0,5b,0,0,0,0,0,0,0,0,38.8,,,,
61,18/4/2020,11,5,0,5b,0,0,0,0,0,0,0,0,38.8,,,,
2,18/4/2020,11,6,1,6a,1,0,0,1,1,0,3,3,39.1,,,,
36,18/4/2020,11,6,1,6a,1,2,0,1,1,1,6,6,40.2,,,,", couphing"
46,18/4/2020,11,6,1,6a,1,0,0,1,1,1,4,4,39.1,,,,", couphing"
47,18/4/2020,11,6,1,6a,1,2,0,1,1,1,6,6,40.5,,,,", couphing"
12,18/4/2020,11,6,0,6b,0,0,0,1,0,0,1,1,39.2,,,,
17,18/4/2020,11,6,0,6b,0,0,0,0,0,0,0,0,38.8,,,,
32,18/4/2020,11,6,0,6b,0,0,0,1,1,0,2,2,38.6,,,,
37,18/4/2020,11,6,0,6b,0,0,0,1,1,0,2,2,38.5,,,,
1,19/4/2020,12,4,1,4a,1,0,1,1,0,0,3,3,37.7,,,,
8,19/4/2020,12,4,1,4a,0,0,0,1,0,0,1,1,37.2,,,,
20,19/4/2020,12,4,1,4a,1,0,1,1,0,1,4,4,37.6,", couphing",,,
21,19/4/2020,12,4,1,4a,1,1,0,1,0,0,3,3,39.8,,,,
23,19/4/2020,12,4,0,4b,0,0,0,1,0,0,1,1,38.3,,,,
24,19/4/2020,12,4,0,4b,0,0,0,0,1,0,1,1,37.1,,,,
25,19/4/2020,12,4,0,4b,0,0,0,1,1,0,2,2,38.3,", congested mucous membrain",,,
39,19/4/2020,12,4,0,4b,0,0,0,1,0,0,1,1,37.7,,,,
9,19/4/2020,12,5,0,5b,0,0,0,0,0,0,0,0,38.2,,,,
30,19/4/2020,12,5,0,5b,0,0,0,0,0,0,0,0,39.1,,,,
44,19/4/2020,12,5,0,5b,0,0,0,0,0,0,0,0,38.8,,,,
51,19/4/2020,12,5,0,5b,0,0,0,0,0,0,0,0,39.5,,,,
53,19/4/2020,12,5,0,5b,0,0,0,0,0,0,0,0,38.8,,,,
61,19/4/2020,12,5,0,5b,0,0,0,0,0,0,0,0,39,,,,
2,19/4/2020,12,6,1,6a,0,0,0,1,1,0,2,2,39,,,,
36,19/4/2020,12,6,1,6a,1,0,0,1,1,1,4,4,39.5,,,,", couphing"
46,19/4/2020,12,6,1,6a,1,0,0,1,1,1,4,4,38.7,,,,", couphing"
47,19/4/2020,12,6,1,6a,0,1,0,1,1,0,3,3,39.8,,,,
12,19/4/2020,12,6,0,6b,0,0,0,1,1,0,2,2,39.4,,,,
17,19/4/2020,12,6,0,6b,0,0,0,1,0,0,1,1,39.1,,,,
32,19/4/2020,12,6,0,6b,0,0,0,1,0,0,1,1,39,,,,
37,19/4/2020,12,6,0,6b,0,0,0,1,1,0,2,2,38.5,,,,
1,20/4/2020,13,4,1,4a,0,0,1,1,0,0,2,2,38.2,,,,
8,20/4/2020,13,4,1,4a,0,0,0,0,0,0,0,0,38.5,,,,
20,20/4/2020,13,4,1,4a,1,0,1,1,0,1,0,4,39.2,,,,
21,20/4/2020,13,4,1,4a,1,2,0,1,1,0,5,5,41,,,,
23,20/4/2020,13,4,0,4b,0,0,0,1,0,0,1,1,39.4,,,,
24,20/4/2020,13,4,0,4b,0,0,0,0,0,0,0,0,38.9,,,,
25,20/4/2020,13,4,0,4b,0,0,0,1,1,0,2,2,39.3,", congested mucous membrain",,,
39,20/4/2020,13,4,0,4b,0,0,0,1,0,0,1,1,39.2,,,,
9,20/4/2020,13,5,0,5b,0,0,0,0,0,0,0,0,38.9,,,,
30,20/4/2020,13,5,0,5b,0,0,0,0,0,0,0,0,39.2,,,,
44,20/4/2020,13,5,0,5b,0,0,0,0,0,0,0,0,38.7,,,,
51,20/4/2020,13,5,0,5b,0,0,0,0,0,0,0,0,38.6,,,,
53,20/4/2020,13,5,0,5b,0,0,0,0,0,0,0,0,39.1,,,,
61,20/4/2020,13,5,0,5b,0,0,0,0,0,0,0,0,39,,,,
2,20/4/2020,13,6,1,6a,1,0,0,1,1,0,3,3,39.4,,,,
36,20/4/2020,13,6,1,6a,1,0,0,1,1,1,4,4,38.5,,,,", coughing"
46,20/4/2020,13,6,1,6a,1,0,0,1,0,1,3,3,39.5,,", coughing",,
47,20/4/2020,13,6,1,6a,0,0,0,1,1,0,2,2,39.4,,,,
12,20/4/2020,13,6,0,6b,1,1,0,1,1,0,4,4,40,,,,
17,20/4/2020,13,6,0,6b,0,0,0,1,0,0,1,1,38.7,,,,
32,20/4/2020,13,6,0,6b,0,1,0,1,1,0,3,3,40,,,,
37,20/4/2020,13,6,0,6b,0,2,0,1,1,0,4,4,40.1,,,,
1,21/4/2020,14,4,1,4a,0,0,0,0,0,0,0,0,38.4,,,,
8,21/4/2020,14,4,1,4a,0,0,0,1,0,0,1,1,38.5,,,,
20,21/4/2020,14,4,1,4a,1,0,0,1,0,1,3,3,38.5,,,,
21,21/4/2020,14,4,1,4a,1,2,0,1,0,1,5,5,40.9,,,,
23,21/4/2020,14,4,0,4b,1,2,0,1,1,1,6,6,40.7,,,,", coughing"
24,21/4/2020,14,4,0,4b,0,1,0,1,1,0,3,3,40,,,,
25,21/4/2020,14,4,0,4b,0,0,0,0,1,0,1,1,39.4,,,,
39,21/4/2020,14,4,0,4b,0,1,0,1,1,0,3,3,39.7,,,,
9,21/4/2020,14,5,0,5b,0,0,0,0,0,0,0,0,38.6,,,,
30,21/4/2020,14,5,0,5b,0,2,0,0,0,0,0,2,40.6,,,,
44,21/4/2020,14,5,0,5b,0,0,0,0,0,0,0,0,38.5,,,,
51,21/4/2020,14,5,0,5b,0,0,0,0,0,0,0,0,39.3,,,,
53,21/4/2020,14,5,0,5b,0,0,0,0,0,0,0,0,39.1,,,,
61,21/4/2020,14,5,0,5b,0,0,0,0,0,0,0,0,38.8,,,,
2,21/4/2020,14,6,1,6a,1,0,0,1,1,0,3,3,39.3,,,,
36,21/4/2020,14,6,1,6a,1,0,0,1,1,1,4,4,38.7,,,,", coughing"
46,21/4/2020,14,6,1,6a,1,0,0,0,1,1,0,3,39.1,,,,
47,21/4/2020,14,6,1,6a,0,0,0,1,1,1,3,3,39.2,,,,", coughing"
12,21/4/2020,14,6,0,6b,1,2,0,1,1,0,5,5,40.6,,,,
17,21/4/2020,14,6,0,6b,0,0,0,0,1,0,1,1,39,,,,
32,21/4/2020,14,6,0,6b,0,2,0,1,1,0,4,4,40.6,,,,
37,21/4/2020,14,6,0,6b,0,2,0,1,1,0,4,4,40.6,,,,
1,22/4/2020,15,4,1,4a,0,0,0,0,0,0,0,0,38.6,,,,
8,22/4/2020,15,4,1,4a,0,0,0,1,0,0,1,1,38.5,,,,
20,22/4/2020,15,4,1,4a,1,0,0,1,0,0,2,2,38.4,,,,
21,22/4/2020,15,4,1,4a,1,0,1,1,0,1,4,4,38.9,,,,
23,22/4/2020,15,4,0,4b,1,2,1,1,1,1,7,7,40.3,,,,", coughing"
24,22/4/2020,15,4,0,4b,0,1,0,1,1,0,3,3,39.9,,,,
25,22/4/2020,15,4,0,4b,0,0,0,0,1,0,1,1,39.3,,,,
39,22/4/2020,15,4,0,4b,0,0,0,1,0,0,1,1,39.5,,,,
9,22/4/2020,15,5,0,5b,0,0,0,0,0,0,0,0,38.8,,,,
30,22/4/2020,15,5,0,5b,0,0,0,0,0,0,0,0,38.7,,,,
44,22/4/2020,15,5,0,5b,0,0,0,0,0,0,0,0,38.9,,,,
51,22/4/2020,15,5,0,5b,0,0,0,0,0,0,0,0,38.9,,,,
53,22/4/2020,15,5,0,5b,0,0,0,0,0,0,0,0,38.8,,,,
61,22/4/2020,15,5,0,5b,0,0,0,0,0,0,0,0,38.8,,,,
2,22/4/2020,15,6,1,6a,1,0,0,1,1,0,3,3,38.9,,,,
36,22/4/2020,15,6,1,6a,1,0,0,1,1,1,4,4,38.8,,,,", coughing"
46,22/4/2020,15,6,1,6a,1,0,0,1,1,1,4,4,38.8,,,,", coughing"
47,22/4/2020,15,6,1,6a,0,0,0,1,0,1,2,2,39,,,,
12,22/4/2020,15,6,0,6b,1,2,1,1,1,0,6,6,40.3,,,,
17,22/4/2020,15,6,0,6b,0,0,0,0,0,1,1,1,39,,,,
32,22/4/2020,15,6,0,6b,0,2,0,1,1,0,4,4,40.1,,,,
37,22/4/2020,15,6,0,6b,1,1,1,1,1,0,5,5,39.9,,,,
1,23/4/2020,16,4,1,4a,0,0,0,1,0,0,1,1,38.2,,,,
8,23/4/2020,16,4,1,4a,0,0,0,0,0,0,0,0,38.5,,,,
20,23/4/2020,16,4,1,4a,0,0,0,1,0,0,1,1,38.7,,,,
21,23/4/2020,16,4,1,4a,1,0,1,1,1,1,5,5,36.4,,,,", coughing"
23,23/4/2020,16,4,0,4b,1,0,0,1,1,1,4,4,39,,,,", coughing"
24,23/4/2020,16,4,0,4b,0,1,0,1,1,0,3,3,39.7,,,,
25,23/4/2020,16,4,0,4b,0,1,0,0,1,0,2,2,39.8,,,,
39,23/4/2020,16,4,0,4b,0,0,0,1,0,0,1,1,39.1,,,,
9,23/4/2020,16,5,0,5b,0,0,0,0,0,0,0,0,39,,,,
30,23/4/2020,16,5,0,5b,0,0,0,0,0,0,0,0,38.8,,,,
44,23/4/2020,16,5,0,5b,0,0,0,0,0,0,0,0,39.1,,,,
51,23/4/2020,16,5,0,5b,0,0,0,0,0,0,0,0,39.1,,,,
53,23/4/2020,16,5,0,5b,0,0,0,0,0,0,0,0,39,,,,
61,23/4/2020,16,5,0,5b,0,0,0,0,0,0,0,0,38.9,,,,
2,23/4/2020,16,6,1,6a,1,0,1,1,1,0,4,4,39.5,,,,
36,23/4/2020,16,6,1,6a,1,0,0,1,1,1,4,4,38.7,,,,", coughing"
46,23/4/2020,16,6,1,6a,1,0,0,1,1,1,4,4,39.3,,,,", coughing"
47,23/4/2020,16,6,1,6a,0,1,1,1,1,1,5,5,40,,,,", coughing"
12,23/4/2020,16,6,0,6b,1,1,1,1,1,0,5,5,40,,,,
17,23/4/2020,16,6,0,6b,0,0,0,0,0,1,1,1,39.5,,,,
32,23/4/2020,16,6,0,6b,0,1,0,1,1,0,3,3,39.9,,,,
37,23/4/2020,16,6,0,6b,0,1,1,1,1,0,4,4,39.6,,,,
1,24/4/2020,17,4,1,4a,0,0,0,1,0,0,1,1,38.8,,,,
8,24/4/2020,17,4,1,4a,0,0,0,0,0,0,0,0,39,,,,
20,24/4/2020,17,4,1,4a,0,0,0,1,0,0,1,1,38.7,,,,
21,24/4/2020,17,4,1,4a,NA,NA,NA,NA,NA,NA,NA,0,NA,,,,
23,24/4/2020,17,4,0,4b,0,0,0,1,1,1,3,3,38.6,,,,", coughing"
24,24/4/2020,17,4,0,4b,0,1,0,0,1,0,2,2,39.7,,,,
25,24/4/2020,17,4,0,4b,1,2,1,1,1,0,6,6,40.8,,,,
39,24/4/2020,17,4,0,4b,0,1,0,0,0,0,1,1,39.8,,,,
9,24/4/2020,17,5,0,5b,0,0,0,0,0,0,0,0,38.6,,,,
30,24/4/2020,17,5,0,5b,0,0,0,0,0,0,0,0,39.1,,,,
44,24/4/2020,17,5,0,5b,0,0,0,0,0,0,0,0,38.6,,,,
51,24/4/2020,17,5,0,5b,0,0,0,0,0,0,0,0,39.2,,,,
53,24/4/2020,17,5,0,5b,0,0,0,0,0,0,0,0,39.1,,,,
61,24/4/2020,17,5,0,5b,0,0,0,0,0,0,0,0,39.1,,,,
2,24/4/2020,17,6,1,6a,1,0,0,1,1,0,3,3,39.4,,,,
36,24/4/2020,17,6,1,6a,1,0,0,1,1,0,3,3,38.7,,,,
46,24/4/2020,17,6,1,6a,1,0,0,1,1,1,4,4,39.3,,,,", coughing"
47,24/4/2020,17,6,1,6a,0,0,1,1,1,1,4,4,39.4,,,,", coughing"
12,24/4/2020,17,6,0,6b,1,1,0,1,1,0,4,4,39.6,,,,
17,24/4/2020,17,6,0,6b,0,1,0,0,1,1,3,3,39.6,,"in, coughing",,
32,24/4/2020,17,6,0,6b,0,1,0,1,1,0,3,3,39.7,,,,
37,24/4/2020,17,6,0,6b,0,1,1,1,1,0,4,4,39.9,,,,
1,25/4/2020,18,4,1,4a,0,0,0,1,0,0,1,1,38.6,,,,
8,25/4/2020,18,4,1,4a,0,0,0,0,0,0,0,0,38.7,,,,
20,25/4/2020,18,4,1,4a,0,0,0,0,0,0,0,0,38.9,,,,
21,25/4/2020,18,4,1,4a,NA,NA,NA,NA,NA,NA,NA,0,NA,23 to 4/24,,,
23,25/4/2020,18,4,0,4b,1,2,0,1,1,1,6,6,40.4,,,,", coughing"
24,25/4/2020,18,4,0,4b,1,1,0,1,1,1,5,5,40,,,,", coughing"
25,25/4/2020,18,4,0,4b,0,0,0,1,1,0,2,2,39.3,,,,
39,25/4/2020,18,4,0,4b,1,1,1,1,1,1,6,6,39.9,,,,", coughing"
9,25/4/2020,18,5,0,5b,0,0,0,0,0,0,0,0,38.6,,,,
30,25/4/2020,18,5,0,5b,0,0,0,0,0,0,0,0,39.2,,,,
44,25/4/2020,18,5,0,5b,0,0,0,0,0,0,0,0,39.1,,,,
51,25/4/2020,18,5,0,5b,0,0,0,0,0,0,0,0,39.2,,,,
53,25/4/2020,18,5,0,5b,0,0,0,0,0,0,0,0,39.1,,,,
61,25/4/2020,18,5,0,5b,0,0,0,0,0,0,0,0,38.9,,,,
2,25/4/2020,18,6,1,6a,1,0,1,1,1,0,4,4,39.1,,,,
36,25/4/2020,18,6,1,6a,2,0,0,1,1,1,5,5,38.5,,,,", coughing"
46,25/4/2020,18,6,1,6a,1,0,0,0,0,0,1,1,38.7,,,,
47,25/4/2020,18,6,1,6a,0,0,1,1,0,1,3,3,39,,,,
12,25/4/2020,18,6,0,6b,1,0,0,1,1,0,3,3,38.6,,,,
17,25/4/2020,18,6,0,6b,0,1,0,0,0,1,2,2,39.9,,,,
32,25/4/2020,18,6,0,6b,0,1,0,1,1,0,3,3,39.8,,,,
37,25/4/2020,18,6,0,6b,0,1,1,1,1,0,4,4,39.6,,,,
1,26/4/2020,19,4,1,4a,0,0,0,0,0,0,0,0,38.6,,,,
8,26/4/2020,19,4,1,4a,0,0,0,0,0,0,0,0,38.7,,,,
20,26/4/2020,19,4,1,4a,0,0,0,0,0,0,0,0,39,,,,
21,26/4/2020,19,4,1,4a,NA,NA,NA,NA,NA,NA,NA,0,NA,,,,
23,26/4/2020,19,4,0,4b,1,0,0,1,1,1,4,4,39.2,,,,", coughing"
24,26/4/2020,19,4,0,4b,1,2,0,1,1,1,6,6,40.5,,,,", coughing"
25,26/4/2020,19,4,0,4b,0,0,0,0,1,1,2,2,38.1,,,,
39,26/4/2020,19,4,0,4b,1,0,0,1,1,1,4,4,38.8,,,,", coughing"
9,26/4/2020,19,5,0,5b,0,0,0,0,0,0,0,0,38.2,,,,
30,26/4/2020,19,5,0,5b,0,0,0,0,0,0,0,0,38.8,,,,
44,26/4/2020,19,5,0,5b,0,0,0,0,0,0,0,0,39,,,,
51,26/4/2020,19,5,0,5b,0,0,0,0,0,0,0,0,39.4,,,,
53,26/4/2020,19,5,0,5b,0,0,0,0,0,0,0,0,39.1,,,,
61,26/4/2020,19,5,0,5b,0,0,0,0,0,0,0,0,38.6,,,,
2,26/4/2020,19,6,1,6a,0,0,0,1,1,0,2,2,39.1,,,,
36,26/4/2020,19,6,1,6a,1,0,0,1,1,1,4,4,38.6,,,,", coughing"
46,26/4/2020,19,6,1,6a,0,0,0,0,1,1,2,2,38.9,,& coughing,,
47,26/4/2020,19,6,1,6a,0,0,0,0,1,0,1,1,38.6,,,,
12,26/4/2020,19,6,0,6b,0,0,0,1,1,0,2,2,38.8,,,,
17,26/4/2020,19,6,0,6b,1,2,0,1,1,0,5,5,40.7,,,,
32,26/4/2020,19,6,0,6b,1,0,0,1,1,0,3,3,38.8,,,,
37,26/4/2020,19,6,0,6b,0,0,0,1,1,0,2,2,39.3,,,,
1,27/4/2020,20,4,1,4a,0,0,0,0,0,0,0,0,38.6,,,,
8,27/4/2020,20,4,1,4a,0,0,0,0,0,0,0,0,38.5,,,,
20,27/4/2020,20,4,1,4a,0,0,0,0,0,0,0,0,39,,,,
21,27/4/2020,20,4,1,4a,NA,NA,NA,NA,NA,NA,NA,0,NA,,,,
23,27/4/2020,20,4,0,4b,1,2,0,1,1,1,6,6,40.1,,,,", coughing"
24,27/4/2020,20,4,0,4b,2,1,0,1,1,1,6,6,40,,,,", coughing"
25,27/4/2020,20,4,0,4b,0,0,0,0,1,0,1,1,38.4,,,,
39,27/4/2020,20,4,0,4b,2,0,0,1,0,1,4,4,39,,,,
9,27/4/2020,20,5,0,5b,0,0,0,0,0,0,0,0,38.1,,,,
30,27/4/2020,20,5,0,5b,0,0,0,0,0,0,0,0,39,,,,
44,27/4/2020,20,5,0,5b,0,0,0,0,0,0,0,0,38.6,,,,
51,27/4/2020,20,5,0,5b,0,0,0,0,0,0,0,0,39,,,,
53,27/4/2020,20,5,0,5b,0,0,0,0,0,0,0,0,39.1,,,,
61,27/4/2020,20,5,0,5b,0,0,0,0,0,0,0,0,38.6,,,,
2,27/4/2020,20,6,1,6a,1,0,1,1,1,0,4,4,39.2,,,,
36,27/4/2020,20,6,1,6a,2,0,0,1,1,1,5,5,38.9,,,,", coughing"
46,27/4/2020,20,6,1,6a,1,0,0,0,1,1,3,3,39.1,,& coughing,,
47,27/4/2020,20,6,1,6a,0,0,1,0,1,1,3,3,39.4,,& coughing,,
12,27/4/2020,20,6,0,6b,1,0,1,1,1,1,5,5,39.3,,,,", coughing"
17,27/4/2020,20,6,0,6b,1,0,0,1,1,1,4,4,39.3,,,,", coughing"
32,27/4/2020,20,6,0,6b,1,0,0,1,1,0,3,3,39.5,,,,
37,27/4/2020,20,6,0,6b,1,1,1,1,1,0,5,5,39.6,,,,
1,28/4/2020,21,4,1,4a,0,0,0,1,0,0,1,1,38.5,,,,
8,28/4/2020,21,4,1,4a,1,0,0,0,0,0,1,1,39.1,,,,
20,28/4/2020,21,4,1,4a,0,1,0,0,0,0,1,1,39.9,,,,
21,28/4/2020,21,4,1,4a,NA,NA,NA,NA,NA,NA,NA,0,NA,,,,
23,28/4/2020,21,4,0,4b,1,1,0,1,1,1,5,5,39.9,,,,", coughing"
24,28/4/2020,21,4,0,4b,1,1,0,1,1,1,5,5,39.6,,,,", coughing"
25,28/4/2020,21,4,0,4b,1,0,0,0,1,0,2,2,38.5,,,,
39,28/4/2020,21,4,0,4b,1,0,0,1,0,1,3,3,39.2,,,,
9,28/4/2020,21,5,0,5b,0,0,0,0,0,0,0,0,38.3,,,,
30,28/4/2020,21,5,0,5b,0,0,0,0,0,0,0,0,38.8,,,,
44,28/4/2020,21,5,0,5b,0,0,0,0,0,0,0,0,38.6,,,,
51,28/4/2020,21,5,0,5b,0,0,0,0,0,0,0,0,38.6,,,,
53,28/4/2020,21,5,0,5b,0,0,0,0,0,0,0,0,39,,,,
61,28/4/2020,21,5,0,5b,0,0,0,0,0,0,0,0,38.7,,,,
2,28/4/2020,21,6,1,6a,0,0,0,1,1,0,2,2,39.3,,,,
36,28/4/2020,21,6,1,6a,1,0,0,0,1,1,3,3,38.6,,& coughing,,
46,28/4/2020,21,6,1,6a,1,0,1,0,1,1,4,4,39.2,,& coughing,,
47,28/4/2020,21,6,1,6a,1,0,0,1,1,1,4,4,39.1,,,,", coughing"
12,28/4/2020,21,6,0,6b,1,0,1,0,1,0,3,3,39.1,,,,
17,28/4/2020,21,6,0,6b,1,1,0,1,1,1,5,5,39.7,,,,", coughing"
32,28/4/2020,21,6,0,6b,1,1,0,1,1,0,4,4,39.6,,,,
37,28/4/2020,21,6,0,6b,1,1,1,1,1,0,5,5,39.8,,,,
1,29/4/2020,22,4,1,4a,0,0,0,0,0,0,0,0,38.5,,,,
8,29/4/2021,22,4,1,4a,0,0,0,0,0,0,0,0,38.8,,,,
20,29/4/2022,22,4,1,4a,2,0,0,0,0,0,2,2,40.1,,,,
21,29/4/2023,22,4,1,4a,NA,NA,NA,NA,NA,NA,NA,0,NA,,,,
23,29/4/2024,22,4,0,4b,1,0,0,1,0,1,3,3,38.8,,,,
24,29/4/2025,22,4,0,4b,2,1,0,1,1,1,6,6,39.9,,,,
25,29/4/2026,22,4,0,4b,0,0,0,1,1,0,2,2,38.4,,,,
39,29/4/2027,22,4,0,4b,2,0,0,1,0,1,4,4,39.4,,,,
9,29/4/2028,22,5,0,5b,0,0,0,0,0,0,0,0,38.2,,,,
30,29/4/2029,22,5,0,5b,0,0,0,0,0,0,0,0,39.1,,,,
44,29/4/2030,22,5,0,5b,0,0,0,0,0,0,0,0,38.9,,,,
51,29/4/2031,22,5,0,5b,0,0,0,0,0,0,0,0,39.3,,,,
53,29/4/2032,22,5,0,5b,0,0,0,0,0,0,0,0,39.1,,,,
61,29/4/2033,22,5,0,5b,0,0,0,0,0,0,0,0,38.8,,,,
2,29/4/2034,22,6,1,6a,1,0,0,1,1,0,3,3,39.2,,,,
36,29/4/2035,22,6,1,6a,1,0,0,1,1,1,4,4,39,,,,
46,29/4/2036,22,6,1,6a,1,0,0,0,1,1,3,3,38.9,,,,
47,29/4/2037,22,6,1,6a,0,0,1,1,0,1,3,3,39.2,,,,
12,29/4/2038,22,6,0,6b,1,0,0,0,0,1,2,2,39.2,,,,
17,29/4/2039,22,6,0,6b,1,0,0,1,1,1,4,4,39.1,,,,
32,29/4/2040,22,6,0,6b,1,0,0,1,1,0,3,3,39.3,,,,
37,29/4/2041,22,6,0,6b,1,1,1,1,1,0,5,5,40,,,,
1,30/4/2020,23,4,1,4a,0,0,0,0,0,0,0,0,38.3,,,,
8,30/4/2021,23,4,1,4a,0,0,0,0,0,0,0,0,38.3,,,,
20,30/4/2022,23,4,1,4a,0,0,0,0,0,0,0,0,39.3,,,,
21,30/4/2023,23,4,1,4a,NA,NA,NA,NA,NA,NA,NA,0,NA,,,,
23,30/4/2024,23,4,0,4b,0,0,0,1,1,0,2,2,38.5,,,,
24,30/4/2025,23,4,0,4b,2,0,1,1,1,1,6,6,39.2,,,,
25,30/4/2026,23,4,0,4b,1,0,0,0,1,0,2,2,38.6,,,,
39,30/4/2027,23,4,0,4b,1,0,0,1,0,1,3,3,38.5,,,,
9,30/4/2028,23,5,0,5b,0,0,0,0,0,0,0,0,38.3,,,,
30,30/4/2029,23,5,0,5b,0,0,0,0,0,0,0,0,38.8,,,,
44,30/4/2030,23,5,0,5b,0,0,0,0,0,0,0,0,39.8,,,,
51,30/4/2031,23,5,0,5b,0,0,0,0,0,0,0,0,39.2,,,,
53,30/4/2032,23,5,0,5b,0,0,0,0,0,0,0,0,39.2,,,,
61,30/4/2033,23,5,0,5b,0,0,0,0,0,0,0,0,38.5,,,,
2,30/4/2034,23,6,1,6a,1,0,0,1,1,0,3,3,38.7,,,,
36,30/4/2035,23,6,1,6a,1,0,0,1,1,1,4,4,38.6,,,,
46,30/4/2036,23,6,1,6a,1,0,0,0,1,1,3,3,38.6,,,,
47,30/4/2037,23,6,1,6a,1,0,0,1,0,1,3,3,38.8,,,,
12,30/4/2038,23,6,0,6b,1,0,0,1,1,0,3,3,38.6,,,,
17,30/4/2039,23,6,0,6b,1,0,0,1,1,1,4,4,39.2,,,,
32,30/4/2040,23,6,0,6b,1,0,0,1,1,0,3,3,38.9,,,,
37,30/4/2041,23,6,0,6b,1,0,0,1,1,0,3,3,39.4,,,,
1,1/5/2020,24,4,1,4a,0,0,0,0,0,0,0,0,38.9,,,,
8,1/5/2020,24,4,1,4a,0,0,0,0,0,0,0,0,38.6,,,,
20,1/5/2020,24,4,1,4a,0,0,0,0,0,0,0,0,39.2,,,,
21,1/5/2020,24,4,1,4a,NA,NA,NA,NA,NA,NA,NA,0,NA,,,,
23,1/5/2020,24,4,0,4b,1,0,0,0,0,1,2,2,39,,,,
24,1/5/2020,24,4,0,4b,2,0,1,1,0,1,5,5,38.8,,,,
25,1/5/2020,24,4,0,4b,0,0,0,1,1,0,2,2,38.6,,,,
39,1/5/2020,24,4,0,4b,1,0,0,1,0,1,3,3,39.1,,,,
9,1/5/2020,24,5,0,5b,0,0,0,0,0,0,0,0,38.5,,,,
30,1/5/2020,24,5,0,5b,0,0,0,0,0,0,0,0,39.2,,,,
44,1/5/2020,24,5,0,5b,0,0,0,0,0,0,0,0,39.8,,,,
51,1/5/2020,24,5,0,5b,0,0,0,0,0,0,0,0,39.4,,,,
53,1/5/2020,24,5,0,5b,0,0,0,0,0,0,0,0,38.8,,,,
61,1/5/2020,24,5,0,5b,0,0,0,0,0,0,0,0,38.8,,,,
2,1/5/2020,24,6,1,6a,1,0,0,1,1,0,3,3,39.1,,,,
36,1/5/2020,24,6,1,6a,1,0,0,1,1,1,4,4,38.8,,,,
46,1/5/2020,24,6,1,6a,1,0,0,0,0,1,2,2,39.1,,,,
47,1/5/2020,24,6,1,6a,0,0,0,1,0,1,2,2,39.2,,,,
12,1/5/2020,24,6,0,6b,1,0,0,0,0,0,1,1,39.3,,,,
17,1/5/2020,24,6,0,6b,1,0,0,1,1,1,4,4,39,,,,
32,1/5/2020,24,6,0,6b,1,0,0,1,1,0,3,3,39.1,,,,
37,1/5/2020,24,6,0,6b,1,0,1,1,0,0,3,3,39.5,,,,
1,2/5/2020,25,4,1,4a,0,0,0,0,0,0,0,0,38.6,,,,
8,2/5/2020,25,4,1,4a,0,0,0,0,0,0,0,0,38.5,,,,
20,2/5/2020,25,4,1,4a,0,0,0,0,0,0,0,0,39.4,,,,
21,2/5/2020,25,4,1,4a,NA,NA,NA,NA,NA,NA,NA,0,NA,,,,
23,2/5/2020,25,4,0,4b,1,0,0,1,1,1,4,4,38.8,,,,
24,2/5/2020,25,4,0,4b,1,0,0,1,1,0,3,3,38.4,,,,
25,2/5/2020,25,4,0,4b,1,0,0,1,1,0,3,3,39.2,,,,
39,2/5/2020,25,4,0,4b,1,0,0,1,0,0,2,2,39.4,,,,
9,2/5/2020,25,5,0,5b,0,0,0,0,0,0,0,0,38.8,,,,
30,2/5/2020,25,5,0,5b,0,0,0,0,0,0,0,0,38.9,,,,
44,2/5/2020,25,5,0,5b,0,0,0,0,0,0,0,0,40,,,,
51,2/5/2020,25,5,0,5b,0,0,0,0,0,0,0,0,38.5,,,,
53,2/5/2020,25,5,0,5b,0,0,0,0,0,0,0,0,38.8,,,,
61,2/5/2020,25,5,0,5b,0,0,0,0,0,0,0,0,39.1,,,,
2,2/5/2020,25,6,1,6a,0,0,0,1,1,0,2,2,39,,,,
36,2/5/2020,25,6,1,6a,1,0,0,1,1,1,4,4,38.9,,,,
46,2/5/2020,25,6,1,6a,1,0,0,1,0,1,3,3,38.9,,,,
47,2/5/2020,25,6,1,6a,0,0,0,1,0,1,2,2,38.8,,,,
12,2/5/2020,25,6,0,6b,1,0,0,1,1,0,3,3,38.7,,,,
17,2/5/2020,25,6,0,6b,1,0,0,1,1,1,4,4,38.9,,,,
32,2/5/2020,25,6,0,6b,1,0,0,1,1,0,3,3,38.7,,,,
37,2/5/2020,25,6,0,6b,1,0,1,1,1,0,4,4,39.1,,,,
1,3/5/2020,26,4,1,4a,0,0,0,0,0,0,0,0,38.7,,,,
8,3/5/2020,26,4,1,4a,0,0,0,0,0,0,0,0,38.6,,,,
20,3/5/2020,26,4,1,4a,0,0,0,0,0,0,0,0,38.9,,,,
21,3/5/2020,26,4,1,4a,NA,NA,NA,NA,NA,NA,NA,0,NA,,,,
23,3/5/2020,26,4,0,4b,1,0,0,1,0,1,3,3,38.8,,,,
24,3/5/2020,26,4,0,4b,2,0,1,1,0,1,5,5,39.5,,,,
25,3/5/2020,26,4,0,4b,1,0,0,1,1,0,3,3,38.6,,,,
39,3/5/2020,26,4,0,4b,1,0,0,1,0,1,3,3,39.1,,,,
9,3/5/2020,26,5,0,5b,0,0,0,0,0,0,0,0,38.7,,,,
30,3/5/2020,26,5,0,5b,0,0,0,0,0,0,0,0,39.4,,,,
44,3/5/2020,26,5,0,5b,0,0,0,0,0,0,0,0,40,,,,
51,3/5/2020,26,5,0,5b,0,0,0,0,0,0,0,0,39.3,,,,
53,3/5/2020,26,5,0,5b,0,0,0,0,0,0,0,0,39.2,,,,
61,3/5/2020,26,5,0,5b,0,0,0,0,0,0,0,0,38.9,,,,
2,3/5/2020,26,6,1,6a,0,0,0,1,0,0,1,1,39.2,,,,
36,3/5/2020,26,6,1,6a,1,0,0,1,1,1,4,4,39.3,,,,
46,3/5/2020,26,6,1,6a,1,0,0,0,0,1,2,2,38.9,,,,
47,3/5/2020,26,6,1,6a,0,0,1,1,0,1,3,3,39.2,,,,
12,3/5/2020,26,6,0,6b,1,0,0,0,0,0,1,1,39.1,,,,
17,3/5/2020,26,6,0,6b,1,0,0,1,1,1,4,4,38.8,,,,
32,3/5/2020,26,6,0,6b,1,0,0,1,1,0,3,3,38.8,,,,
37,3/5/2020,26,6,0,6b,1,0,0,1,1,0,3,3,39,,,,
1,4/5/2020,27,4,1,4a,0,0,0,0,0,0,0,0,38.5,,,,
8,4/5/2020,27,4,1,4a,0,0,0,0,0,0,0,0,38.8,,,,
20,4/5/2020,27,4,1,4a,0,0,0,0,0,0,0,0,38.9,,,,
21,4/5/2020,27,4,1,4a,NA,NA,NA,NA,NA,NA,NA,0,NA,,,,
23,4/5/2020,27,4,0,4b,1,0,0,1,0,1,3,3,38.3,,,,
24,4/5/2020,27,4,0,4b,1,0,1,1,0,1,4,4,39.1,,,,
25,4/5/2020,27,4,0,4b,1,0,0,0,1,0,2,2,38.7,,,,
39,4/5/2020,27,4,0,4b,1,0,0,1,0,0,2,2,39.3,,,,
9,4/5/2020,27,5,0,5b,0,0,0,0,0,0,0,0,38.2,,,,
30,4/5/2020,27,5,0,5b,0,0,0,0,0,0,0,0,39.1,,,,
44,4/5/2020,27,5,0,5b,0,0,0,0,0,0,0,0,39.5,,,,
51,4/5/2020,27,5,0,5b,0,0,0,0,0,0,0,0,39.1,,,,
53,4/5/2020,27,5,0,5b,0,0,0,0,0,0,0,0,39.1,,,,
61,4/5/2020,27,5,0,5b,0,0,0,0,0,0,0,0,38.1,,,,
2,4/5/2020,27,6,1,6a,0,0,0,1,0,0,1,1,39.1,,,,
36,4/5/2020,27,6,1,6a,1,0,0,0,1,1,3,3,38.6,,,,
46,4/5/2020,27,6,1,6a,1,0,0,0,0,1,2,2,39,,,,
47,4/5/2020,27,6,1,6a,0,0,1,0,0,1,2,2,39,,,,
12,4/5/2020,27,6,0,6b,1,0,0,0,1,0,2,2,39.2,,,,
17,4/5/2020,27,6,0,6b,1,0,0,1,1,1,4,4,38.8,,,,
32,4/5/2020,27,6,0,6b,1,0,0,1,1,0,3,3,38.7,,,,
37,4/5/2020,27,6,0,6b,1,0,0,1,1,0,3,3,38.9,,,,
1,5/5/2020,28,4,1,4a,0,0,0,0,0,0,0,0,38.5,,,,
8,5/5/2020,28,4,1,4a,0,0,0,0,0,0,0,0,38.5,,,,
20,5/5/2020,28,4,1,4a,0,0,0,0,0,0,0,0,38.9,,,,
21,5/5/2020,28,4,1,4a,NA,NA,NA,NA,NA,NA,NA,0,NA,,,,
23,5/5/2020,28,4,0,4b,1,0,0,1,0,1,3,3,38.6,,,,
24,5/5/2020,28,4,0,4b,1,0,0,1,0,1,3,3,39,,,,
25,5/5/2020,28,4,0,4b,1,0,0,0,1,0,2,2,38.3,,,,
39,5/5/2020,28,4,0,4b,1,0,0,1,0,0,2,2,38.7,,,,
9,5/5/2020,28,5,0,5b,0,0,0,0,0,0,0,0,38.6,,,,
30,5/5/2020,28,5,0,5b,0,0,0,0,0,0,0,0,39.1,,,,
44,5/5/2020,28,5,0,5b,0,0,0,0,0,0,0,0,39.3,,,,
51,5/5/2020,28,5,0,5b,0,0,0,0,0,0,0,0,39.5,,,,
53,5/5/2020,28,5,0,5b,0,0,0,0,0,0,0,0,39.5,,,,
61,5/5/2020,28,5,0,5b,0,0,0,0,0,0,0,0,38.9,,,,
2,5/5/2020,28,6,1,6a,0,0,0,0,0,0,0,0,39.2,,,,
36,5/5/2020,28,6,1,6a,1,0,0,1,1,0,3,3,38.6,,,,
46,5/5/2020,28,6,1,6a,1,0,0,0,0,1,2,2,39.1,,,,
47,5/5/2020,28,6,1,6a,0,0,0,1,1,1,3,3,38.8,,,,
12,5/5/2020,28,6,0,6b,1,0,0,0,0,0,1,1,39,,,,
17,5/5/2020,28,6,0,6b,1,0,0,1,0,1,3,3,39,,,,
32,5/5/2020,28,6,0,6b,1,0,0,1,1,0,3,3,39.3,,,,
37,5/5/2020,28,6,0,6b,1,0,0,1,1,0,3,3,39.2,,,,
